Country Name,Year,"Inflation, consumer prices (annual %)",Consumer Price Index,GDP growth (annual %),GDP (current US$),GDP per capita (current US$),GDP per capita growth (annual %),"Unemployment, total (% of total labor force) (modeled ILO estimate)","Population, total ","Labor force, total ","Foreign direct investment, net (BoP, current US$)","Foreign direct investment, net inflows (% of GDP) ","Exports of goods and services (BoP, current US$)","Imports of goods and services (BoP, current US$) ",Political Stability and Absence of Violence/Terrorism: Estimate ,Control of Corruption: Estimate,Government Effectiveness: Estimate,Regulatory Quality: Estimate,Rule of Law: Estimate ,High-technology exports (current US$)
Brazil,2008,5.678593903,90.76629373,5.094195447,1695860000000,8801.759475,4.061722166,8.27,192672317,93935308,24601090274,2.990608926,226199000000,224219000000,-0.313424706,0.003437368,-0.148200899,0.07702741,-0.28804478,10794672124
Brazil,2009,4.888034799,95.20298175,-0.125812002,1667000000000,8569.901805,-1.073238333,9.42,194517549,95703669,36032805800,1.888482404,178721000000,176404000000,0.163664222,-0.079985611,-0.151303574,0.127607271,-0.103854693,8460823303
Brazil,2010,5.038726901,100,7.528225818,2208840000000,11249.29374,6.522816179,8.034,196353492,95367508,55626921873,3.73001227,231258000000,250627000000,0.013475911,0.043806359,-0.086862549,0.246619865,0.056414437,8821366143
Brazil,2011,6.636449622,106.6364496,3.974423079,2616160000000,13200.55817,3.013396273,7.58,198185302,94948394,86360111205,3.915179541,291839000000,308669000000,-0.132575423,0.168382421,-0.15240407,0.25802207,0.045141723,9144341214
Brazil,2012,5.40349914,112.3985493,1.921175986,2465230000000,12327.51556,1.007654033,7.25,199977707,97188186,90485123670,3.754962108,280178000000,311818000000,0.045961641,-0.046854232,-0.160548672,0.173244089,-0.076932795,9470908285
Brazil,2013,6.204310666,119.3721044,3.004822669,2472820000000,12258.56485,2.114256452,7.07,201721767,98532617,59567525425,3.041509229,279142000000,333725000000,-0.258553296,-0.097699746,-0.118274905,0.146290123,-0.091847032,9066226856
Brazil,2014,6.329040155,126.9272129,0.50395574,2456040000000,12071.40465,-0.354514802,6.76,203459650,99628945,67107129352,3.571352613,263469000000,327261000000,-0.070290133,-0.365745902,-0.175329745,-0.028219953,-0.052719016,8794610139
Brazil,2015,9.029901024,138.3886146,-3.545763393,1802210000000,8783.214413,-4.358317179,8.56,205188205,101299233,61604176365,3.592149731,223589000000,251814000000,-0.331864446,-0.457372844,-0.254576027,-0.181910038,-0.187204733,9433008382
Brazil,2016,8.739143523,150.4825942,-3.275916908,1795690000000,8680.735421,-4.057423002,11.74,206859578,102278733,59601145882,4.137378539,217321000000,209433000000,-0.38103506,-0.445450932,-0.248414695,-0.189951748,-0.201229781,10375405524
Brazil,2017,3.44637335,155.6687862,1.322869054,2063510000000,9896.717511,0.523296589,12.93,208504960,104079618,47544978340,3.338260284,251258000000,235561000000,-0.480093956,-0.559335768,-0.316740096,-0.130867004,-0.305652469,10715074507
Brazil,2018,3.664850284,161.3738142,1.783666762,1916930000000,9121.020092,0.978938493,12.46,210166592,105437485,76138154756,4.077487084,273564000000,269519000000,-0.459640145,-0.480606288,-0.520446002,-0.293125451,-0.302387714,11062943508
Brazil,2019,3.732976212,167.3978603,1.220777824,1873290000000,8845.323931,0.448280407,12.05,211782878,107415119,46354807251,3.692673304,258833000000,270767000000,-0.714393616,-0.40767929,-0.233971298,-0.121404096,-0.224174306,9391878589
Brazil,2020,3.211768038,172.7742913,-3.276758796,1476110000000,6923.700197,-3.918004172,13.93,213196304,100641930,41253539809,2.559860419,238221000000,230508000000,-0.445607245,-0.428935021,-0.4653593,-0.111011527,-0.23170203,5944927304
Brazil,2021,8.301659756,187.1174251,4.988849701,1649620000000,7696.785531,4.435352819,13.34,214326223,105434083,30199741445,2.815132448,315494000000,306087000000,-0.41969654,-0.498797685,-0.492295623,-0.121613994,-0.300649881,6350114829
Brazil,2022,9.28010609,204.4821206,2.900530615,1920100000000,8917.673898,2.42870176,9.461,215313498,108380011,60808030834,4.765497376,379783000000,375648000000,-0.3314659,-0.566063046,-0.587532163,-0.220437631,-0.257250935,6564853075
Canada,2008,2.370270674,97.96078993,1.004289199,1552989690722,46710.50558,-0.08359243168,6.14,33247118,18662575,18568974469,4.515137142,535719719575,507575472096,1.041372657,1.987721443,1.782482386,1.650943518,1.496273756,30127811741
Canada,2009,0.299466803,98.25414997,-2.925955647,1374625142157,40876.31015,-4.028003081,8.34,33628895,18787385,16787996096,1.524131181,392141630610,412436230446,1.127075911,2.051796675,1.742083311,1.696578741,1.445757031,25642281363
Canada,2010,1.776871541,100,3.089919462,1617343367486,47562.08343,1.950048334,8.06,34004889,18985430,6626667134,1.837256387,469288008081,500163006071,0.9363182187,2.061873198,1.777826786,1.693430305,1.499731541,26566354162
Canada,2011,2.912135089,102.9121351,3.146100491,1793326630175,52223.69611,2.141535734,7.51,34339328,19146806,11756393310,2.137833108,546776957186,568459622008,1.077175736,1.971133471,1.772545457,1.684840202,1.429734826,27498833323
Canada,2012,1.515678231,104.4719519,1.760961588,1828366481522,52669.08996,0.6620006509,7.29,34714222,19316264,12879466786,2.700169009,554961465411,589479800293,1.113016248,1.918904424,1.756970048,1.707194686,1.436932445,33106176422
Canada,2013,0.9382918978,105.4522038,2.329122506,1846597421835,52635.17496,1.253613813,7.07,35082954,19522293,12563236013,3.629803984,560082523492,589064606422,1.061421752,1.879342556,1.781250119,1.729890943,1.40233779,32177506045
Canada,2014,1.906635907,107.4627934,2.870036075,1805749878440,50955.99832,1.841026124,6.91,35437435,19586757,805191688.4,3.55390337,573305506396,589626505395,1.17550385,1.832427263,1.754353166,1.838725328,1.453593969,28785442620
Canada,2015,1.125241361,108.6720092,0.6591768636,1556508816217,43596.13554,-0.08928580115,6.91,35702908,19690129,23927632715,3.853894537,496137259588,534721035459,1.26233685,1.845864892,1.731752515,1.706058025,1.366789818,28241567521
Canada,2016,1.428759547,110.2246709,1.001394414,1527994741907,42315.60371,-0.1358426213,7,36109487,19877599,33404095513,2.238350121,481615868845,517857545754,1.240411639,1.944438457,1.745492697,1.727414131,1.35174191,26201901348
Canada,2017,1.596884129,111.9848311,3.039880225,1649265644244,45129.4293,1.811278917,6.34,36545236,20144985,52829985895,1.53752072,518864192860,555101866455,1.089679599,1.880703807,1.815371752,1.879201412,1.39693749,26937505963
Canada,2018,2.268225672,114.5248998,2.777040554,1725297938436,46547.79518,1.335564285,5.83,37065084,20344108,20156533320,2.469356805,557656145916,591388920187,0.9637743831,1.789857745,1.675177932,1.699419856,1.396100879,30479680520
Canada,2019,1.949269024,116.7572982,1.888223585,1743725183673,46374.15275,0.4354263358,5.66,37601230,20758436,26965431145,2.80676687,564128218248,589666321024,0.9948179126,1.729976535,1.697395086,1.710002422,1.371217132,31536892938
Canada,2020,0.7169996323,117.5944476,-5.074357568,1647598402303,43349.67786,-6.088212049,9.46,38007166,20471068,15817289789,1.844172162,490106513367,526936282938,1.013104677,1.565556288,1.598744869,1.592589736,1.29722631,25572229417
Canada,2021,3.395193185,121.5870063,5.011800875,2001486745424,52358.62164,4.409275153,7.46,38226498,20960467,31349050865,3.233946897,618760998197,619638791380,0.9621959925,1.616529822,1.563524604,1.613764048,1.260251999,29085816799
Canada,2022,6.802801153,129.8583286,3.396202279,2139840023674,54966.48884,1.52799048,5.209,38929902,21344993,29407630389,2.509778347,722831322895,719339144629,0.7728140354,1.658579826,1.567070484,1.677092791,1.182720423,32957974834
China,2008,5.92525137,97.63333106,9.65067892,4594340000000,3468.327063,9.090280102,4.59,1324655000,776378230,171535000000,3.733610711,1497870000000,1149040000000,-0.493088424,-0.526307642,0.165779024,-0.2183934,1.734026194,390967000000
China,2009,-0.728165251,96.92239907,9.398725632,5101690000000,3832.227428,8.855947676,4.72,1331260000,775599063,131057000000,2.568894327,1262660000000,1042530000000,-0.451781332,-0.519456625,0.093242049,-0.298093945,1.648672223,359238000000
China,2010,3.175324753,100,10.63587106,6087190000000,4550.473924,10.10283262,4.53,1337705000,774058132,243703000000,4.003544586,1656410000000,1433390000000,-0.657060683,-0.570009887,0.091844857,-0.320954978,1.637504697,474347000000
China,2011,5.553898923,105.5538989,9.550832179,7551550000000,5614.385739,8.953816042,4.55,1345035000,778323480,280072000000,3.708806704,2008850000000,1826950000000,-0.602054834,-0.514727592,0.083608709,-0.25913626,1.618219256,540168000000
China,2012,2.619524326,108.318909,7.863736449,8532190000000,6300.582352,7.134523777,4.58,1354190000,778937997,241214000000,2.827105258,2175090000000,1943250000000,-0.53878206,-0.438275933,0.015367764,-0.284332842,1.669232011,593858000000
China,2013,2.621050017,111.1580018,7.766150098,9570470000000,7020.385682,7.050734134,4.6,1363240000,779042510,290928000000,3.039855032,2355590000000,2120220000000,-0.543789923,-0.355789781,-0.004657913,-0.331608176,1.642112851,655897000000
China,2014,1.921641628,113.2940602,7.425763656,10475600000000,7636.074223,6.750760316,4.63,1371860000,780062420,268097000000,2.55924765,2462900000000,2241600000000,-0.522584021,-0.337421417,0.35540399,-0.331334412,1.850373387,653848000000
China,2015,1.437023809,114.9221228,7.041328879,11061600000000,8016.446016,6.420736477,4.65,1379860000,780709584,242489000000,2.192177616,2360150000000,2002280000000,-0.552559674,-0.299674153,0.417484969,-0.354117453,1.759659886,652212000000
China,2016,2.000001822,117.2205674,6.848762205,11233300000000,8094.390375,6.238215448,4.56,1387790000,780524312,174750000000,1.555636959,2197920000000,1942190000000,-0.502221346,-0.267868012,0.356864214,-0.314001739,1.583852768,594521000000
China,2017,1.593136001,119.0880504,6.947200793,12310500000000,8817.045496,6.301863101,4.47,1396215000,778674707,166084000000,1.349123714,2429280000000,2212270000000,-0.232558474,-0.291190565,0.416717708,-0.179300889,1.573621154,654157000000
China,2018,2.0747904,121.5588779,6.749773832,13894900000000,9905.406118,6.251700556,4.31,1402760000,776278514,235365000000,1.69389433,2651010000000,2563100000000,-0.298641503,-0.286587775,0.496618092,-0.228585526,1.591349125,731319000000
China,2019,2.899234164,125.0831544,5.950500754,14280000000000,10143.86021,5.575316863,4.56,1407745000,775321104,187170000000,1.310715934,2631000000000,2499150000000,-0.259810865,-0.31240508,0.544903398,-0.304319978,1.581253052,715303000000
China,2020,2.419421895,128.1094436,2.238638356,14687700000000,10408.71912,1.995558042,5,1411100000,751446327,253096000000,1.72317562,2738900000000,2380330000000,-0.473098785,-0.070956685,0.644194782,-0.20264338,1.519799232,757459000000
China,2021,0.981015136,129.3662166,8.447478293,17820500000000,12617.50499,8.350729715,4.55,1412360000,780370660,344075000000,1.930786241,3555230000000,3093740000000,-0.516728878,0.030393474,0.809331775,-0.332243532,1.572336793,942315000000
China,2022,1.973575557,131.9193567,2.990804598,17963200000000,12720.21564,3.004296763,4.886,1412175000,781831676,180167000000,1.002979297,3715830000000,3139500000000,-0.441073626,0.015970249,0.495032012,-0.418417633,1.533154368,957950950000
Colombia,2008,6.996884956,93.83503786,3.283446186,242504000000,5534.689447,2.084242363,10.52,43815313,19971706,7479031428,4.356278346,43941065345,46243462890,-1.853462338,-0.261542618,-0.025623215,0.272389978,-0.381235987,475948292
Colombia,2009,4.202516612,97.77847091,1.139648645,232469000000,5245.951665,0.001662279,11.32,44313917,21259578,4530088274,3.456270599,39349531259,40155258985,-1.832345843,-0.337012529,-0.300557911,0.088281721,-0.367777586,492118044
Colombia,2010,2.272002279,100,4.494658971,286499000000,6392.758026,3.323734506,10.98,44816108,22128149,947330831.3,2.244335956,46785451789,49031602002,-1.537184834,-0.423333108,-0.123824142,0.157253936,-0.27138561,451119242
Colombia,2011,3.415033448,103.4150334,6.947891982,334966000000,7392.9436,5.784699766,10.11,45308899,22789274,6227223174,4.37269536,64787888897,64260315527,-1.284655571,-0.317527682,-0.050426964,0.279601455,-0.217361465,433809511
Colombia,2012,3.169301888,106.6925681,3.912635767,370691000000,8096.80151,2.837889026,9.74,45782417,23525349,15646181232,4.057280412,69151698476,70616690845,-1.401810408,-0.422298342,-0.001164993,0.326594681,-0.325919122,565873207
Colombia,2013,2.016992243,108.8445489,5.13399352,382094000000,8263.641929,4.098265909,9.05,46237930,23805205,8558338413,4.24252458,68566793473,71817291331,-1.291971803,-0.441052586,0.053505383,0.339824229,-0.387949467,773381765
Colombia,2014,2.898837878,111.9997759,4.499030001,381241000000,8167.472842,3.513953479,8.57,46677947,24245416,12269760181,4.241072567,65426481788,77758758264,-1.114594102,-0.397179246,-0.135249034,0.444412023,-0.251975983,762807179
Colombia,2015,4.989831158,117.5883756,2.955901375,293492000000,6228.651622,1.990616494,8.3,47119728,24759081,7402796210,3.959398548,47006535262,66010916771,-1.072663784,-0.352239668,-0.09331242,0.407719731,-0.246754706,823794430
Colombia,2016,7.513460246,126.4233315,2.087382502,282720000000,5936.261022,1.002272725,8.69,47625955,25039982,9340585801,4.901645729,42768836037,56219965346,-0.887163997,-0.384032637,-0.036480796,0.339025348,-0.265702873,766932657
Colombia,2017,4.314313257,131.87763,1.359360868,311867000000,6449.970987,-0.161953875,8.87,48351671,25528733,10011316371,4.393182328,49321637422,58083146349,-0.779457688,-0.429445237,-0.140618026,0.25744912,-0.366342157,692526482
Colombia,2018,3.240569329,136.151216,2.564324283,334198000000,6782.03792,0.638439616,9.11,49276961,26010171,6172375053,3.380835732,53724018799,64280210784,-0.806959629,-0.339970648,-0.139319524,0.224889174,-0.38366577,603546790
Colombia,2019,3.523019327,140.9478497,3.186855392,323032000000,6436.509215,1.314952378,9.96,50187406,26304740,10835657540,4.330582409,51324020019,65472182464,-0.979467273,-0.2831572,0.03274988,0.317910939,-0.391018122,753151214
Colombia,2020,2.526635001,144.5090874,-7.252299075,270151000000,5304.289129,-8.605811527,15.04,50930662,24932942,5725176361,2.760910075,38223632456,51328383611,-0.701150596,-0.251915634,0.008680122,0.225666419,-0.492650598,689645045
Colombia,2021,3.495057574,149.5597632,11.01619327,318512000000,6182.707099,9.753601489,13.9,51516562,25983568,6380521503,3.001877754,50907046060,70909220020,-0.954557538,-0.365435123,-0.046658192,0.202144697,-0.469918787,735048087
Colombia,2022,10.17723135,164.7808063,7.495775781,343939000000,6630.282726,6.755026326,10.726,51874024,25830076,13467028342,4.904568717,73355542578,89664931421,-0.641925931,-0.361808151,0.014415628,0.140449166,-0.426875532,739586843
Cote d'Ivoire,2008,6.308527692,97.79141562,4.782665981,34078240260,1683.337505,2.573868008,6.356,20244449,7289697,468377743.9,1.374418809,11452802998,9759897658,-1.804067373,-1.119051337,-1.252720952,-0.929746807,1.704128385,186083373
Cote d'Ivoire,2009,1.019504577,98.78840358,3.603321566,33886813225,1638.804684,1.432261367,6.602,20677762,7478860,397624744.3,1.173390787,12389416638,9725288615,-1.320862532,-1.117385149,-1.126518011,-0.972751558,1.743099332,197108462
Cote d'Ivoire,2010,1.226456121,100,6.848049401,34936307964,1654.177959,4.610518088,6.776,21120042,7674193,358468317.3,1.026062392,12605548916,10785918961,-1.583894253,-1.172854543,-1.297451496,-0.926222563,1.760813236,70491479
Cote d'Ivoire,2011,4.912433951,104.912434,-5.370447241,36693710822,1701.704641,-7.314005486,7.215,21562914,7842038,301972462.5,0.822954277,13669676040,9480011911,-1.405807614,-1.030993581,-1.180755496,-0.889401078,1.746468544,176346415
Cote d'Ivoire,2012,1.304511199,106.2810284,7.620411763,36302302844,1649.301615,5.430923065,7.22,22010712,7988446,330255520.7,0.90973711,13107468405,11986923740,-1.263461113,-0.838509381,-1.108150959,-0.77617842,1.727203608,96850645
Cote d'Ivoire,2013,2.581170373,109.0243228,10.76021313,42760235496,1903.054229,8.499803033,4.25,22469268,8151021,407592122.1,0.953203642,12988034913,12070085515,-1.048724174,-0.739937127,-0.937793016,-0.753439784,1.70915544,165473506
Cote d'Ivoire,2014,0.448682077,109.5134954,9.371999942,48843005625,2124.01943,6.868861325,3.475,22995555,8360975,439356961.2,0.89952892,13888903173,12173615245,-1.037160635,-0.418946445,-0.856454551,-0.618877172,1.760694742,241143808
Cote d'Ivoire,2015,1.251499548,110.8840563,7.194949428,45815005171,1941.581898,4.463889962,2.697,23596741,8617882,494408755.8,1.079141547,12501412278,11350941885,-0.835078061,-0.462348998,-0.746898711,-0.554926515,1.728686571,187851824
Cote d'Ivoire,2016,0.723178458,111.6859459,7.17275964,48407761032,1999.195372,4.442361059,1.9,24213622,8883562,577871524.2,1.193758009,11796872426,10719663210,-0.909238815,-0.555268586,-0.735667884,-0.422826767,1.466296315,126534584
Cote d'Ivoire,2017,0.685881065,112.4519787,7.410762426,52512344034,2113.341525,4.668461261,3.27,24848016,9157647,975014998.8,1.856734863,12855832030,11848917549,-1.091115832,-0.550527215,-0.812799037,-0.40585956,1.379863262,137431112
Cote d'Ivoire,2018,0.359409031,112.8561412,4.843146059,58522477745,2295.540335,2.186608496,2.835,25493988,9441715,620330654.4,1.059986997,13084415387,13183079167,-0.898008049,-0.525697172,-0.647259414,-0.254712522,1.412387013,78785577
Cote d'Ivoire,2019,-1.10686344,111.6069779,6.518286735,59898479821,2290.787379,3.855841941,2.4,26147551,9735200,848881139.4,1.417199805,13790700197,12880625263,-1.036474109,-0.564522326,-0.55929029,-0.300067455,1.347805619,141805000
Cote d'Ivoire,2020,2.425006568,114.3134544,1.737620429,62982768372,2349.069882,-0.782841474,2.66,26811790,9943686,712915894.5,1.131922132,13231734045,12660139882,-1.033205271,-0.552296638,-0.539629281,-0.381347746,1.456939459,126058500
Cote d'Ivoire,2021,4.091951897,118.991106,6.999999995,71811075955,2613.378893,4.404815964,2.817,27478249,10355728,1392435143,1.939025596,16230487075,16190824221,-0.715018511,-0.395680398,-0.537407279,-0.268797159,1.493408203,134069077
Cote d'Ivoire,2022,5.276167243,125.2692757,6.741330002,70018715017,2486.412194,4.155127568,2.637,28160542,10787278,1583694622,2.261816176,23084425387,20589175493,-0.516378641,-0.348596215,-0.342977226,-0.152012959,1.527414441,139495500
"Egypt, Arab Rep.",2008,18.31683168,80.41567596,7.156283566,162818000000,1941.899973,5.078168372,8.517,83844783,26485023,9494600000,5.831412619,54760900000,67222800000,-0.510431707,-0.765909255,-0.380703539,-0.201634988,0.447921455,98833692
"Egypt, Arab Rep.",2009,11.76349544,89.87537033,4.6735998,189147000000,2212.218148,2.645918664,9.087,85501064,27281764,6711600000,3.54835118,44609100000,53842100000,-0.607227087,-0.464862794,-0.2080881,-0.177818,0.399145484,84124957
"Egypt, Arab Rep.",2010,11.26518827,100,5.147234858,218984000000,2509.772034,3.036697185,8.756,87252413,28739910,6385600000,2.916016576,48831200000,59862200000,-0.898418307,-0.596871853,-0.321309954,-0.147598043,0.454773188,104581857
"Egypt, Arab Rep.",2011,10.06492599,110.064926,1.764571949,235990000000,2645.622535,-0.457409359,11.849,89200054,29061496,-482700000,-0.204542849,47053000000,61381100000,-1.437057018,-0.633263946,-0.44088906,-0.246938586,0.483442843,133427058
"Egypt, Arab Rep.",2012,7.111729433,117.8924457,2.226199799,279117000000,3059.135428,-0.05978776,12.597,91240376,29544119,2797700000,1.002340718,48601300000,68800800000,-1.436329722,-0.57966435,-0.681878209,-0.385591775,0.425940156,78780352
"Egypt, Arab Rep.",2013,9.469719811,129.05653,2.185466054,288434000000,3088.890834,-0.153662238,13.154,93377890,30181706,4192200000,1.453434208,44795200000,65325800000,-1.6388309,-0.613801897,-0.782055974,-0.557433128,0.436367184,72676207
"Egypt, Arab Rep.",2014,10.07021547,142.0528007,2.91591188,305595000000,3196.861381,0.53182407,13.105,95592324,30655760,4612200000,1.509250423,47166300000,73996000000,-1.631176591,-0.575114548,-0.715836346,-0.687225044,0.422377765,168393198
"Egypt, Arab Rep.",2015,10.37049034,156.7843726,4.372019078,329367000000,3370.382447,2.095538306,13.052,97723799,30540697,6925200000,2.102581284,37569400000,67938800000,-1.49933219,-0.600650787,-0.689975858,-0.796363056,0.288587987,89647031
"Egypt, Arab Rep.",2016,13.81360621,178.4419485,4.346643456,332442000000,3331.612461,2.192208627,12.45,99784030,30927659,8106800000,2.438562781,33624300000,68301400000,-1.43972683,-0.59074223,-0.53513819,-0.89287591,0.367524952,56095790
"Egypt, Arab Rep.",2017,29.50660839,231.0941154,4.181221,248363000000,2439.967284,2.128743381,11.767,101789386,30428646,7408700000,2.983015509,42874700000,70224100000,-1.429645181,-0.495695531,-0.530270398,-0.812941492,0.319811523,73845752
"Egypt, Arab Rep.",2018,14.40146578,264.3750554,5.331108619,262589000000,2531.200079,3.349815022,9.855,103740765,29899860,8141300000,3.100400776,51619507000,76328100000,-1.188100696,-0.514392555,-0.453962892,-0.804274797,0.240896881,125216603
"Egypt, Arab Rep.",2019,9.152799593,288.5727744,5.552093072,318679000000,3017.258336,3.675370831,7.851,105618671,29708924,9010100000,2.82732945,53522607000,78950800000,-1.124602079,-0.65516609,-0.251194149,-0.758563221,0.273004681,323853851
"Egypt, Arab Rep.",2020,5.04493289,303.1310772,3.550164838,383818000000,3571.556907,1.770968731,7.939,107465134,29815652,5851800000,1.52462949,40101707000,72482400000,-1.181911707,-0.810555279,-0.445820093,-0.571031153,0.207708836,343563046
"Egypt, Arab Rep.",2021,5.214049405,318.9364813,3.290646012,424672000000,3886.722498,1.591816288,7.4,109262178,30223373,5122300000,1.206178611,58339295000,94038800000,1.032840967,-0.705531955,-0.457345426,-0.519896507,0.240628809,526183188
"Egypt, Arab Rep.",2022,13.89566098,363.2548135,6.587845609,476748000000,4295.407496,4.928456185,6.959,110990103,31166284,11399900000,2.39118081,76295439000,97143745000,-1.028056622,-0.678810477,-0.44754681,-0.713920832,0.297009468,533586843
Ethiopia,2008,44.35668588,85.23386191,10.78852169,27066912635,320.8610897,7.68786008,2.408,84357105,37315620,108537544,0.400997134,3495286072,9597929161,-1.732120633,-0.666399777,-0.450209558,-0.899132013,1.78934145,8353730
Ethiopia,2009,8.483644045,92.46479937,8.802553198,32437389116,373.8939587,5.794553796,2.387,86755585,38592273,221459581.4,0.682729367,3429924704,9042846295,-1.641072273,-0.704722345,-0.562428534,-0.931926727,1.819683671,6989321
Ethiopia,2010,8.14926403,100,12.55053835,29933790334,335.4384953,9.419873429,2.336,89237791,39960419,288271568.3,0.963030625,4644218342,9914637388,-1.635101199,-0.694108725,-0.488994628,-0.848106444,1.844100356,9180496
Ethiopia,2011,33.24995988,133.2499599,11.17829623,31952763089,348.0013483,8.054120481,2.311,91817929,41421329,628624806,1.967356639,5831538472,11754566213,-1.50696373,-0.667876601,-0.52104193,-0.994923115,1.823530078,5739492
Ethiopia,2012,23.60041768,164.697507,8.647811633,43310721414,458.5509208,5.618653919,2.292,94451280,42951638,278562822.2,0.643172898,5994928705,14129937700,1.564271331,-0.608586848,-0.45418036,-1.050038218,1.791685104,8248200
Ethiopia,2013,7.464021929,176.990565,10.58227005,47648276190,490.7924741,7.583098924,2.25,97084366,44510242,1343876024,2.820408483,6116476023,14251242098,-1.407307386,-0.501512408,-0.620133638,-1.135668755,1.807661772,5593277
Ethiopia,2014,6.890019516,189.1852495,10.25749296,55612228234,557.5341484,7.314544923,2.412,99746766,46088892,1855052154,3.335691111,6385691687,18203817596,-1.339387417,-0.447899312,-0.441992611,-1.078414083,1.902147532,24227835
Ethiopia,2015,9.56889956,207.288196,10.39246302,64589329345,630.3126271,7.456695097,2.573,102471895,47702127,2626517918,4.066488915,6007196233,19860793132,-1.496942043,-0.476131946,-0.71091485,-1.057965159,1.838808656,15626132
Ethiopia,2016,6.628133372,221.0275341,9.433482658,74296745599,705.6175123,6.501211497,2.735,105293228,49378714,4142937496,5.576203188,5905571808,19996795352,1.617245197,-0.442177504,-0.713305473,-1.109604597,1.720872998,10502624
Ethiopia,2017,10.68711503,244.6490009,9.564189643,81770886909,755.7526451,6.622789071,2.896,108197950,51103465,4017159565,4.912701472,6637865077,19310435700,-1.677229643,-0.582520843,-0.760963619,-1.032468319,1.69941771,7925744
Ethiopia,2018,13.83303566,278.4913844,6.816147797,84269196152,758.2976902,3.998440256,3.058,111129438,52819443,3360419369,3.987719739,7624331353,19928882546,1.274579644,-0.50496614,-0.666772187,-0.984722435,1.768349648,9903650
Ethiopia,2019,15.80963217,322.5198479,8.364085699,95912607970,840.4496034,5.523810568,3.219,114120594,54535675,2548743427,2.657360155,7588186488,19227216127,-1.303721905,-0.435477555,-0.66152519,-0.910632014,1.750148296,44073889
Ethiopia,2020,20.35634686,388.1731068,6.059530886,107658000000,918.6525941,3.280847984,4.126,117190911,55819516,2395799881,2.225385751,7714600977,17169672301,-1.753656149,-0.390404463,-0.589063823,-0.975501299,1.738464713,43185591
Ethiopia,2021,26.83952216,492.3569139,5.641530717,111262000000,925.0006972,2.925804545,3.93,120283026,58059357,4259445795,3.82830641,9495825862,20859226528,0.3005684912,-0.422970861,-0.648736,-0.941965938,1.748023629,49680684
Ethiopia,2022,23.65150079,431.5655753,5.31709603,126783000000,1027.585918,2.673584075,4.018,123379924,60026672,3669991332,2.894692234,10970596565,24187238671,-0.745265186,-0.440878779,-0.745265186,-0.948417425,1.769147038,47584933
France,2008,2.812861949,98.40574355,0.2549459601,2930303780828,45515.96175,-0.3024838264,7.06,64379696,29670797,68001785591,2.320491389,827364384304,869276966028,0.5437591672,1.39503479,1.574034333,1.284252644,1.74962914,98755787407
France,2009,0.08762047816,98.49196713,-2.873313828,2700887366932,41737.76355,-3.370397283,8.74,64710879,29922456,70295520050,0.6821064916,665186005059,698019165339,0.5120128989,1.429969311,1.477054477,1.214702845,1.807020068,87885947635
France,2010,1.531122704,100,1.949437623,2645187882117,40676.06479,1.448245262,8.87,65030575,30022647,33671093774,1.470195727,709353195634,752868287730,0.6810875535,1.487756133,1.462661028,1.310160756,1.811732054,105239000000
France,2011,2.111597952,102.111598,2.192700633,2865157541994,43846.46608,1.700610402,8.81,65345233,30031230,20277561651,1.542875408,823711000284,880374278217,0.6029928327,1.537773252,1.392306805,1.156042576,1.812573433,111878000000
France,2012,1.954195316,104.107058,0.3131347511,2683671716967,40870.85236,-0.1711613361,9.4,65662240,30288026,19070158223,1.227596621,795261606816,833079661254,0.554941535,1.471969485,1.373381257,1.124174118,1.852681756,114061000000
France,2013,0.8637154979,105.0062468,0.5763266748,2811876903329,42602.71797,0.05814950505,9.92,66002289,30432523,13973846914,1.123423424,836579789954,867174797835,0.4487441182,1.304377317,1.482616782,1.149894834,1.825339913,118708000000
France,2014,0.5077588229,105.5394253,0.9561830524,2855964488590,43068.54872,0.4845644483,10.29,66312067,30411865,47288734074,0.2032545627,853502991203,889731847419,0.3005684912,1.288246036,1.413544774,1.074068427,1.973513007,120587000000
France,2015,0.03751438051,105.5790178,1.112912341,2439188643163,36652.92231,0.7540243523,10.35,66548272,30494746,8404253504,1.755723741,777544723907,787378184459,0.09775980562,1.248263836,1.417858601,1.115807652,1.907309413,109608000000
France,2016,0.1833348611,105.7725809,1.095464404,2472964344587,37062.53357,0.8290566645,10.05,66724104,30508008,41841316017,1.326491698,780380655104,793619323217,-0.1063495949,1.328667521,1.38138175,1.058618426,1.846506596,108744000000
France,2017,1.032282751,106.864453,2.291419994,2595151045198,38781.04949,1.994998447,9.41,66918020,30547530,12702511140,1.38212039,834697886111,858197178289,0.2657007277,1.22440362,1.308816314,1.146236777,1.758017182,108780000000
France,2018,1.850815083,108.8423164,1.865066071,2790956878747,41557.85486,1.500539123,9.02,67158348,30691326,61682963435,2.776578144,915679182186,947879844308,0.01379350014,1.281640649,1.419796348,1.147498608,1.744731426,117575000000
France,2019,1.108254923,110.0485668,1.842971814,2728870246706,40494.89829,1.495898988,8.41,67388001,30652293,30864497546,1.960494002,892015833704,916213840818,0.2712748945,1.24832809,1.33828783,1.431537747,1.7351408,120534000000
France,2020,0.4764988527,110.5729469,-7.784586492,2639008701648,39055.28293,-8.034474295,8.01,67571107,30379167,9116589362,0.7339433866,752310130089,799147222534,0.2809481323,1.122349262,1.204635501,1.189461946,1.708140492,87120395046
France,2021,1.64233141,112.3889211,6.816589136,2957879759264,43658.97898,6.535119983,7.86,67749632,31264402,13026648829,3.240998541,925551189283,963998746359,0.3255238235,1.282284975,1.230613947,1.230373263,1.698805094,97528027435
France,2022,5.222367484,118.2582836,2.562393564,2782905325625,40963.83734,2.281547291,7.445,67935660,31649853,13333972005,3.78830559,1013026187025,1102655769491,0.3345241249,1.259529948,1.16580689,1.188952327,1.657425642,110548000000
Germany,2008,2.628379816,98.59988029,0.9598791336,3745264093617,45612.71062,1.152029742,7.52,82110097,41917490,67071495031,0.8265034114,1642854037601,1413350511853,0.9438307881,1.745895863,1.514055371,1.488884568,1.95778656,183023000000
Germany,2009,0.3127390074,98.90824058,-5.693836336,3411261212652,41650.36783,-5.454577169,7.74,81902307,41978630,43037329587,1.662198034,1301336391468,1128569432729,0.8599025011,1.746210337,1.575109243,1.516452789,1.873499155,158680000000
Germany,2010,1.103810378,100,4.179882499,3399667820000,41572.45595,4.339606777,6.97,81776930,41949335,60605522285,2.530762023,1443337924604,1263115070306,0.7968344688,1.766428828,1.515693784,1.570686102,1.88987577,179570000000
Germany,2011,2.075172837,102.0751728,3.925192705,3749314991051,46705.8958,5.869635737,5.82,80274983,41729225,10373148758,2.601419304,1686062777954,1501323988016,0.8422184587,1.741949916,1.500138998,1.548867702,1.864178061,202276000000
Germany,2012,2.008488848,104.1253413,0.4184975942,3527143188785,43855.85447,0.2301609927,5.38,80425823,41853628,33639173474,1.855413408,1629432505631,1412443040342,0.775621295,1.817630172,1.530975819,1.529082894,1.951031089,202765000000
Germany,2013,1.504723303,105.6921396,0.4375913031,3733804649549,46298.92292,0.163870563,5.23,80645605,42212988,26093621455,1.799764604,1699810251831,1481230369614,0.92798388,1.797943592,1.510988116,1.544340372,1.970936894,209261000000
Germany,2014,0.9067940004,106.6505496,2.209543431,3889093051023,48023.86998,1.784341886,4.98,80982500,42458390,87919371869,0.5022271926,1773618260203,1515877249009,0.9251864552,1.812496543,1.665409803,1.697039127,2.024377823,215615000000
Germany,2015,0.5144261371,107.1991879,1.491931528,3357585719352,41103.25644,0.6171053532,4.62,81686611,42660629,68388393319,1.860729182,1575246787585,1320209272501,0.6875149608,1.776123524,1.656743407,1.711914659,1.975319505,199430000000
Germany,2016,0.4917470084,107.7263367,2.229999868,3469853463946,42136.12079,1.408102075,4.12,82348669,43567225,47174192459,1.865906917,1598254939910,1341850736395,0.6675411463,1.78145051,1.660836101,1.80655396,1.995051384,205077000000
Germany,2017,1.509494851,109.3524602,2.680231114,3690849152518,44652.58917,2.297206047,3.75,82657002,43819028,36124571462,2.966416856,1741497554456,1480904274543,0.574380219,1.796617866,1.612810254,1.774838328,1.980092645,195245000000
Germany,2018,1.732168798,111.2466294,0.981232606,3974443355020,47939.27829,0.6782125941,3.38,82905782,43935038,29011101779,4.1997218,1881635356581,1636899289171,0.5777075887,1.898325324,1.523580909,1.756326795,1.922187686,209723000000
Germany,2019,1.445659769,112.8548771,1.056603898,3888226035921,46793.68676,0.8289579622,3.14,83092962,44433744,98812746280,1.902524713,1833104884838,1602303390723,0.5484546423,1.86536622,1.495465875,1.714938879,1.941097736,208148000000
Germany,2020,0.1448779258,113.0183789,-3.696788705,3889668895300,46772.82535,-3.775429714,3.86,83160871,43501190,5888677179,4.134044807,1691819373387,1464056038512,0.64498806,1.825713873,1.31406188,1.577934742,1.931451201,182352000000
Germany,2021,3.066666667,116.4842759,2.626987267,4259934911822,51203.55447,2.583557475,3.57,83196078,43386527,118807959909,2.251301763,2021303235172,1784697003850,0.7256667018,1.783171773,1.290827751,1.625161171,1.908180594,209744000000
Germany,2022,6.872574386,124.4897444,1.78520821,4072191736090,48432.45587,0.7153800745,2.989,84079811,44515312,131495115165,1.163376391,2060409018384,1972854696051,0.6147591472,1.818375826,1.289807439,1.522294998,1.762171507,10430056213
India,2008,8.349267049,80.53055424,3.08669806,1198900000000,993.5034125,1.630780589,8.354,1206734806,449860965,43406277076,3.620523209,305119000000,379479000000,-1.109707355,-0.339097977,-0.009732914,-0.413643241,-1.011455894,11090544981
India,2009,10.88235294,89.29417338,7.861888833,1341890000000,1096.636136,6.371709389,8.384,1223640160,459168942,35581372930,2.651590332,260847000000,328257000000,-1.355547905,-0.452406287,-0.003295789,-0.34953326,-0.80649823,11215083873
India,2010,11.98938992,100,8.497584702,1675620000000,1350.634457,7.01317458,8.319,1240613620,468646281,27396885034,1.635034111,348035000000,439059000000,-1.2779845,-0.463754565,0.031655986,-0.410472035,-0.79579109,10659474981
India,2011,8.911793365,108.9117934,5.241315001,1823050000000,1449.603301,3.81807313,8.168,1257621191,472419461,36498654598,2.002063463,446375000000,553062000000,-1.32679534,-0.540835857,0.02255407,-0.363154948,-0.747264206,14503888164
India,2012,9.478996914,119.2355389,5.456388753,1827640000000,1434.017978,4.06082357,8.095,1274487215,476025371,23995685014,1.312934538,443845000000,579909000000,-1.289309859,-0.51396811,-0.156087115,-0.480885625,-0.857621253,13873821378
India,2013,10.01787847,131.1804103,6.386106401,1856720000000,1438.056995,5.014611864,8.037,1291132063,476574166,28153031270,1.516276477,468273000000,560408000000,-1.229174137,-0.517085731,-0.156965882,-0.478094786,-0.82155776,17938424107
India,2014,6.665656719,139.9244461,7.410227605,2039130000000,1559.863772,6.086180227,7.981,1307246509,476778623,34576643694,1.695659598,485583000000,553553000000,-0.99791199,-0.457155108,-0.222162053,-0.475076437,-0.772919178,18326340971
India,2015,4.906973441,146.7905015,7.996253786,2103590000000,1590.174322,6.721067631,7.915,1322866505,476681505,44009492130,2.092115227,428631000000,491880000000,-0.954773545,-0.406170607,0.080021866,-0.424956709,-0.814797997,14583513323
India,2016,4.948216341,154.0540131,8.256305502,2294800000000,1714.279541,6.980989701,7.842,1338636340,476439285,44458571546,1.937364119,430433000000,472013000000,-0.960426509,-0.336941868,0.061384145,-0.311531931,-0.844158888,14261348931
India,2017,3.328173375,159.1811978,6.795383419,2651470000000,1957.969814,5.568333514,7.733,1354195680,475894660,39966091359,1.507315832,489401000000,561613000000,-0.774099052,-0.291451544,0.040755548,-0.256514043,-0.845057905,15101761889
India,2018,3.938826467,165.4510689,6.453851345,2702930000000,1974.37773,5.302408679,7.65,1369003306,474730667,42117450737,1.558214839,537042000000,642960000000,-0.997705162,-0.229412422,0.262748897,-0.225996733,-0.832453251,20182210999
India,2019,3.729505735,171.621576,3.871436941,2835610000000,2050.16379,2.811873102,6.51,1383112050,501044031,50610647354,1.784826349,546033000000,619485000000,-0.796840608,-0.302205294,0.130844653,-0.150565445,-0.770942986,23470537791
India,2020,6.623436776,182.9888226,-5.83105322,2671600000000,1913.219721,-6.72629208,10.195,1396387127,496925540,64362364994,2.409135951,484691000000,493033000000,-0.841136158,-0.29291603,0.375041097,-0.128488675,-0.805172265,21583196861
India,2021,5.131407472,192.3787247,9.050277908,3150310000000,2238.127139,8.184367716,7.713,1407563842,507704858,44727277563,1.419775276,643080000000,717119000000,-0.691997945,-0.316493511,0.25085631,-0.090854593,-0.885359228,27446653652
India,2022,6.699034141,205.2662411,7.002951544,3385090000000,2388.621198,6.277403814,7.33,1417173173,523839158,49940258404,1.475300809,767643000000,902304000000,-0.568608165,-0.321810871,0.370331407,-0.050446417,-1.195294023,25698221028
Jamaica,2008,22.0228385,81.02911307,-0.811736703,13709401444,5056.258008,-1.183120223,6.67,2711373,1253197,-1360725411,10.04130367,5539114589,9913903628,-0.307299733,-0.336699635,0.314200759,0.250679165,-0.297387421,6447307
Jamaica,2009,9.592245989,88.80162492,-4.345301858,12120458141,4452.120808,-4.732783354,7.31,2722401,1228184,-479765232.9,4.002857272,4038281083,6356293724,-0.363817692,-0.321954697,0.276933074,0.218495637,-0.401666194,4303754
Jamaica,2010,12.610552,100,-1.457147209,13220549858,4835.791068,-1.871482683,7.63,2733896,1213350,-169451030,1.40520351,4004373830,6453776928,-0.429541469,-0.265738726,0.297299355,0.233887821,-0.432371795,2935421
Jamaica,2011,7.555856466,107.5558565,1.730376267,14444661488,5259.931741,1.275729482,8.03,2746169,1239320,-143677170.7,1.195993174,4286304114,7827455245,-0.062983334,-0.18736437,0.291849315,0.245246693,-0.371135145,4141872
Jamaica,2012,6.873977087,114.9492214,-0.61363604,14807086491,5365.242149,-1.105126996,8.69,2759817,1256812,-323447006.5,2.791456971,4484222345,7811586598,0.120508112,-0.285973221,0.045993332,0.176540703,-0.346987486,4638187
Jamaica,2013,9.341500766,125.6872038,0.517686013,14264205124,5143.722172,0.035165569,9.7,2773129,1299092,-469978338.7,3.818982951,4335595474,7516722560,0.182374373,-0.30427292,0.074963681,0.184492603,-0.31927675,4359115
Jamaica,2014,8.274078862,136.0866622,0.689822357,13899225340,4991.564267,0.277089053,9.05,2784543,1331653,-522668740.9,4.188353864,4400824131,7452311526,0.024492532,-0.325509161,0.203010261,0.073607624,-0.236792937,3313970
Jamaica,2015,3.691542289,141.1103588,0.921487125,14188938781,5077.551636,0.56387602,8.842,2794445,1409375,-890764825,6.519006657,4313628182,6610127621,0.085965723,-0.283773303,0.294767827,0.015309299,-0.191106841,552512
Jamaica,2016,2.351021975,144.4278944,1.375223064,14077105503,5022.703328,1.076815428,8.63,2802695,1408534,-657890736.3,6.592098914,4404773801,6242638463,0.29546842,-0.208374217,0.4741171,0.096570387,-0.172127351,2140177
Jamaica,2017,4.37839865,150.7515234,0.997123062,14808984881,5273.148923,0.792818277,7.4,2808376,1436161,-854503648,6.001999703,4867024217,7224761047,0.298302531,-0.224058092,0.552543342,0.062101666,-0.133667439,2485946
Jamaica,2018,3.736638822,156.3845633,1.889923681,15730791526,5594.493107,1.764583024,5.47,2811835,1443443,-761949859.6,4.924231574,5790629495,7881538624,0.423851728,-0.230746984,0.595471442,0.129099026,-0.217798144,4123124
Jamaica,2019,3.905100009,162.4915369,0.892291654,15830766372,5626.170403,0.822801591,4.99,2813773,1487233,-219424709.9,4.203306014,6030893625,8308513141,0.388235539,-0.113833971,0.58901006,0.084404744,-0.310624003,2128180
Jamaica,2020,5.226777793,170.9846085,-9.9,13812421859,4897.26477,-10.1128523,6.5,2820436,1453541,-258407890.6,1.919290884,3249426080,5913249201,0.258638471,-0.046545755,0.528976262,0.042481516,-0.239620462,1135178
Jamaica,2021,5.862782428,181.009064,4.6,14657586359,5183.5811,4.331480446,6.011,2827695,1516188,-264325079,2.186444563,4400704751,7405313247,0.217914656,-0.052980192,0.378315657,0.184438393,-0.196268678,1235345
Jamaica,2022,10.34956884,199.7427217,4.2,17097760745,6047.216464,4.211719555,6.049,2827377,1572790,1.864197334,-258446000,6423628274,9726489570,0.379746348,-0.023381542,0.604482174,0.190213531,-0.071926758,1121145
Japan,2008,1.380078862,102.1150352,-1.224289001,5106680000000,39876.3063,-1.272109949,4,128063000,66726949,24624845330,0.482208561,890158000000,872817000000,0.894625247,1.32388854,1.451748848,1.13206923,1.696649432,130247000000
Japan,2009,-1.35283673,100.7335855,-5.693236359,5289490000000,41309.00165,-5.68145234,5.07,128047000,66456031,12226471579,0.231146348,669059000000,645807000000,0.9762519,1.369224548,1.450104356,1.096569657,1.731597781,103708000000
Japan,2010,-0.728243208,100,4.097917919,5759070000000,44968.15623,4.079223048,5.1,128070000,66231664,7440979284,0.12920449,869990000000,791793000000,0.879353166,1.553623199,1.522350907,1.016682506,1.774692535,129808000000
Japan,2011,-0.272455616,99.72754438,0.023809524,6233150000000,48760.07895,0.209251803,4.55,127833000,65813075,-850717035.1,-0.013648274,930660000000,970205000000,0.995091975,1.55437541,1.466912746,1.074261308,1.658743739,133087000000
Japan,2012,-0.04406451,99.68359993,1.374750999,6272360000000,49145.28043,1.536786659,4.36,127629000,65518909,546962692.2,0.008720202,913614000000,1014810000000,0.948442876,1.618948698,1.407989621,1.137580633,1.729413867,129203000000
Japan,2013,0.335037912,100.0175778,2.005100177,5212330000000,40898.6479,2.152371066,4.04,127445000,65768575,10648441636,0.204293384,830338000000,955467000000,1.019141912,1.648278475,1.611111641,1.108954787,1.689435244,111060000000
Japan,2014,2.759226714,102.7772895,0.296205514,4896990000000,38475.39525,0.429381123,3.59,127276000,65973877,19752249424,0.403354543,862974000000,991579000000,0.968597353,1.690476179,1.80617106,1.137973309,1.874803424,107367000000
Japan,2015,0.795279631,103.5946564,1.560626697,4444930000000,34960.63938,1.668465117,3.39,127141000,66061546,5252218412,0.118161988,784711000000,807987000000,1.054220557,1.530045748,1.754161358,1.203647017,1.771035671,98249840020
Japan,2016,-0.127258844,103.462823,0.753826746,5003680000000,39375.47316,0.805362825,3.13,127076000,66669411,40954181469,0.818481615,811524000000,771080000000,0.968189001,1.482382655,1.785737991,1.416575313,1.640457749,99101202201
Japan,2017,0.484199796,103.9637898,1.675331752,4930840000000,38834.05293,1.758611802,2.82,126972000,67225084,18802251208,0.381319638,875514000000,837877000000,1.100126505,1.480906844,1.579735518,1.363334298,1.644319415,106184000000
Japan,2018,0.989094598,104.99209,0.643391023,5040880000000,39751.1331,0.771168471,2.47,126811000,68386819,25289367858,0.501685482,929828000000,928423000000,1.037358642,1.388648033,1.634688139,1.3342278,1.60294652,110742000000
Japan,2019,0.468776159,105.4842679,-0.402169201,5117990000000,40415.95676,-0.262170829,2.35,126633000,69045531,39960544340,0.780785313,904632000000,913248000000,1.019695044,1.431167245,1.550190926,1.314648986,1.569445848,103897000000
Japan,2020,-0.024995834,105.4579012,-4.278603688,5048790000000,39986.92863,-3.996581849,2.8,126261000,68953988,62584719398,1.239598486,794291000000,801889000000,1.026066899,1.463934183,1.547667146,1.347087026,1.462932229,102751000000
Japan,2021,-0.233352779,105.2118123,2.142487369,5005540000000,39827.12677,2.61337631,2.8,125681593,68858892,34669239976,0.692617831,920639000000,942450000000,1.015356421,1.5360502,1.362755299,1.369840145,1.396580219,116514000000
Japan,2022,2.497702782,107.8396906,1.028624866,4231140000000,33815.31727,1.478038986,2.641,125124989,68931322,47522407141,1.123158147,921212000000,1079880000000,1.073910952,1.539971828,1.619746804,1.438772559,1.415491223,120598359000
Kenya,2008,26.23981664,88.0581565,0.232282745,35895153328,915.9989157,-2.709449404,2.976,39186895,16235546,95585680.23,0.266291327,8290551190,12559189062,-1.393615365,-1.068366289,-0.624475121,-0.277211368,1.628714204,80113876
Kenya,2009,9.234125924,96.18955755,3.306939816,42347217913,1049.121794,0.293173947,2.92,40364444,16792371,116257609,0.274534231,7385115565,11301655303,-1.425580621,-1.07073009,-0.664479375,-0.178242475,1.591320157,98505674
Kenya,2010,3.961388891,100,8.058473603,45405615233,1093.639628,5.0563909,2.846,41517895,17354366,178064606.8,0.392164286,8983066273,13531331102,-1.165523529,-0.911055028,-0.582948446,-0.136400819,1.631022215,117835302
Kenya,2011,14.02249396,114.022494,5.12110612,46869473166,1099.315465,2.366419735,2.859,42635144,17926485,1450474757,3.094711033,9967810101,16327969124,-1.244790792,-0.963742495,-0.578526676,-0.240827635,1.590986013,108958800
Kenya,2012,9.377767482,124.7152583,4.568679614,56396704833,1289.780795,1.960400987,2.844,43725806,18509902,1380173662,2.447259403,11205421063,17915544715,-1.323441267,-1.098877668,-0.540134847,-0.317458749,1.620341778,105985973
Kenya,2013,5.71749357,131.8458452,3.797848393,61671440481,1376.829206,1.326292507,2.831,44792368,19107609,1118825000,1.81417037,10978240069,18296308718,-1.166930914,-1.035941601,-0.477090716,-0.326215893,1.549293876,78074332
Kenya,2014,6.878154993,140.9144068,5.020111002,68285796663,1489.919724,2.63818993,2.796,45831863,19718332,820937598.4,1.202208422,11243141970,20278677216,-1.282247186,-0.938904762,-0.358016878,-0.348395675,1.606930375,86056843
Kenya,2015,6.582174403,150.1896388,4.967721128,70120446664,1496.653568,2.683317425,2.774,46851488,20338656,619724465,0.883799939,10608334366,17669402825,-1.241347909,-1.030673742,-0.393306106,-0.368477911,1.562773108,81208729
Kenya,2016,6.297157525,159.6473169,4.213517068,74815143796,1562.076611,1.943668144,2.76,47894670,20989035,469533310.7,0.627591269,9912816058,16171497969,-1.354456544,-0.913663983,-0.401780695,-0.357900858,1.580512166,136063971
Kenya,2017,8.005722791,172.4282386,3.837958174,82036511259,1675.98843,1.603146616,3.52,48948137,21588086,1346085345,1.640836896,10448709926,19080378459,-1.128438354,-0.975330949,-0.390950412,-0.278868884,1.60738492,48617467
Kenya,2018,4.689819761,180.5148122,5.647946407,92202979941,1845.783413,3.522084435,4.245,49953304,22178699,767761506.7,0.832686218,11564054354,20167353326,-1.179692149,-0.862696052,-0.493594706,-0.265344054,1.475686669,54893806
Kenya,2019,5.235859994,189.966315,5.114158858,100378000000,1970.080063,3.05495785,5.01,50951450,22775099,469940266.8,0.468168549,11471244797,20408411990,-1.105736017,-0.807418883,-0.441803724,-0.338947535,1.42403543,82475865
Kenya,2020,5.404814672,200.2336423,-0.272766327,100658000000,1936.250752,-2.256979503,5.616,51985780,23230574,426305189.4,0.423520518,9709330229,17717187854,-1.007226825,-0.876583576,-0.398768902,-0.517190576,1.335382342,85950665
Kenya,2021,6.110909164,212.4697383,7.590489473,109704000000,2069.661137,5.520436304,5.644,53005614,24116304,463348935.7,0.422364157,11825108492,21853030898,-1.032414198,-0.735883415,-0.324745864,-0.460586369,1.390642166,57055936
Kenya,2022,7.656874561,228.7382796,4.846634856,113420000000,2099.301938,2.863571211,5.502,54027487,24985164,393583092.1,0.34701381,13859272920,24406255818,-0.94308722,-0.759701312,-0.300569445,-0.38082996,1.371688485,81559865
Mexico,2008,5.124982746,91.1790807,1.143584587,1109990000000,10119.82106,-0.130355618,3.87,109684489,46141022,-29064536207,2.680443083,316230000000,343107000000,-0.804012358,-0.309849888,0.160689965,0.31256935,-0.68928355,43655038390
Mexico,2009,5.297355842,96.00916106,-5.285744137,900047000000,8104.922573,-6.449903052,5.36,111049428,46933484,-7988498365,2.183395596,250811000000,265639000000,-0.686627805,-0.365960121,0.141515777,0.177682906,-0.562868834,38922314346
Mexico,2010,4.156727227,100,5.118118143,1057800000000,9399.964709,3.732851948,5.3,112532401,47714802,-12629308066,2.885677931,320971000000,334604000000,-0.726463437,-0.439748138,0.096291386,0.156337783,-0.552031338,49220998354
Mexico,2011,3.407378246,103.4073782,3.66300793,1180490000000,10341.50024,2.193587578,5.17,114150481,48766229,-12321948145,2.024144027,373578000000,389575000000,-0.667768598,-0.474737763,0.252327204,0.184377462,-0.549887717,52263263695
Mexico,2012,4.111509811,107.6589827,3.642322679,1201090000000,10376.0905,2.204898981,4.89,115755909,50313010,543222041,1.517915086,396146000000,410739000000,-0.662454188,-0.484527588,0.296199024,0.418743193,-0.535180092,57554228142
Mexico,2013,3.806390697,111.7569043,1.354091962,1274440000000,10865.68729,0.02784915,4.91,117290686,51144538,-32895812496,3.996052061,408118000000,424038000000,-0.714223802,-0.59152025,0.302665353,0.418155193,-0.549149871,58517564993
Mexico,2014,4.018616081,116.2479852,2.849773255,1315360000000,11076.13411,1.580820663,4.81,118755887,51654365,-22844066945,2.162018448,428894000000,445471000000,-0.853918791,-0.842649996,0.134463102,0.359438211,-0.406367481,61491327493
Mexico,2015,2.72064065,119.4106751,3.293151528,1171870000000,9753.400562,2.094717824,4.31,120149897,52690172,-25271470556,3.093333707,413793000000,439616000000,-0.801780105,-0.888690233,0.117857642,0.276325017,-0.454451054,60215238507
Mexico,2016,2.821707847,122.7800955,2.630532425,1078490000000,8875.082069,1.474053227,3.86,121519221,53525389,-31029390402,3.606795807,408400000000,432088000000,-0.633718133,-0.850071728,0.027869176,0.199013442,-0.580000639,62439833022
Mexico,2017,6.04145724,130.1978025,2.113129135,1158910000000,9434.378179,1.015816185,3.42,122839258,54238561,-30029162669,2.857326494,447832000000,470520000000,-0.806073427,-0.951904118,-0.065339759,0.182092488,-0.585919917,69631039375
Mexico,2018,4.899350154,136.5766487,2.194994725,1222410000000,9857.007487,1.227050123,3.27,124013861,55360235,-25735782135,3.096897567,490695000000,517349000000,-0.673981011,-0.948684394,-0.292913616,0.084375463,-0.641823947,74815823506
Mexico,2019,3.635961421,141.542523,-0.199047772,1269010000000,10145.15263,-1.053918176,3.48,125085311,56818605,-23937600783,2.356672336,502464000000,507592000000,-0.843628824,-0.917184711,-0.306652963,0.012595196,-0.658984363,75162629529
Mexico,2020,3.396834156,146.3504877,-7.98791234,1090510000000,8654.997325,-8.654637261,4.45,125998302,53127554,-25940628868,2.890275278,443575000000,424896000000,-0.791369319,-0.921504736,-0.26993987,-0.012910045,-0.646558285,71003025509
Mexico,2021,5.689208477,154.6766721,4.720565298,1272840000000,10045.67637,4.136372212,4.09,126705138,56993986,-33076548516,2.630144096,533220000000,558969000000,-0.688360929,-1.020310044,-0.342298776,-0.251374453,-0.806147993,74932493342
Mexico,2022,7.896276192,166.8903693,3.06238019,1414190000000,11091.30543,2.41655401,3.308,127504125,58701105,-21561433050,2.752959014,626298000000,668615000000,-0.691959739,-1.011866212,-0.280898958,-0.148309499,-0.866642535,75734905933
Russian Federation,2008,14.11076778,83.8261661,5.199969265,1660848058303,11635.28418,5.246210018,6.21,142742366,75920555,-19120290000,4.502694249,523433950000,366228060000,-0.7499338984,-1.125228643,-0.4167818427,-0.349167258,1.594892859,5470082684
Russian Federation,2009,11.64732958,93.58967594,-7.799993913,1222645887209,8562.824219,-7.827749977,8.3,142785349,75961316,6697430000,2.992125552,342951140000,247320870000,-0.9699265957,-1.141306877,-0.4972360134,-0.288328469,1.558843374,4756271283
Russian Federation,2010,6.849392303,100,4.5,1524916698233,10674.99023,4.453096398,7.37,142849468,75875081,9448500000,2.83082873,441833180000,320958410000,-0.9294587374,-1.099214792,-0.6016868949,-0.310507625,1.618847609,5263180850
Russian Federation,2011,8.440464859,108.4404649,4.300029186,2045922727570,14311.06445,4.218723339,6.54,142960908,76076120,11767160000,2.692361215,573448160000,410050100000,-0.9982621074,-1.074376822,-0.6014446616,-0.311618179,1.660753489,5731651464
Russian Federation,2012,5.074743008,113.9435398,4.024086157,2208293528674,15420.8584,3.849151935,5.44,143201721,75911657,-1765140000,2.290798725,589773980000,444697740000,-0.8177126646,-1.051571608,-0.5349146128,-0.346864879,1.724078059,7709720644
Russian Federation,2013,6.753710262,121.6389563,1.755422149,2292470104248,15974.62305,1.538973517,5.46,143506995,75613136,17287630000,3.01940208,591958000000,469651090000,-0.7360936403,-1.020386815,-0.4521651566,-0.357476294,1.69718194,9200859430
Russian Federation,2014,7.823411839,131.1552728,0.7362672214,2059241582146,14095.64648,-1.045262038,5.16,143819667,75425759,35050840000,1.069876414,562550590000,428897620000,-0.9436174631,-0.918525219,-0.1945813,-0.402516544,1.820654988,10399907502
Russian Federation,2015,15.53440505,151.5294641,-1.972719226,1363482179761,9313.021484,-2.183885472,5.57,144096870,75122849,15232100000,0.5026079623,393034910000,281789010000,-1.032223463,-0.9736852646,-0.3312829137,-0.58007884,1.778781414,11449519430
Russian Federation,2016,7.04244763,162.2008473,0.1936900717,1276786344534,8704.894531,0.01024792043,5.56,144342397,75182854,-10224570000,2.548500001,332352610000,266096560000,-0.9476881623,-0.8381428719,-0.3230351806,-0.443195045,1.785961628,11205912967
Russian Federation,2017,3.683329444,168.1752389,1.825790064,1574199355093,10720.33203,1.709385694,5.21,144496739,74610600,8199590000,1.814092981,410482810000,327248060000,-0.6427596211,-0.9140186906,-0.190596655,-0.526768148,1.784070969,10359155449
Russian Federation,2018,2.878297236,173.0158221,2.80724541,1657328764646,11287.35449,2.815524107,4.85,144477859,74501321,22592030000,0.5300607935,508560910000,343584860000,-0.5383756757,-0.8691180348,-0.1035852283,-0.562712371,1.802677035,10075334763
Russian Federation,2019,4.470366608,180.7502637,2.198075714,1693114993990,11536.25879,2.243979517,4.5,144406261,73598523,-10051630000,1.888517325,481686310000,352358280000,-0.5510991216,-0.8219548464,0.02432450652,-0.47659722,1.837814331,10756539589
Russian Federation,2020,3.381659372,186.8626219,-2.653654501,1493075887460,10194.44141,-2.451026929,5.59,144073139,73064922,-3631810000,0.6348511874,381489920000,304836760000,-0.66740942,-0.9299479127,-0.1109425649,-0.483847022,1.835626006,6524883012
Russian Federation,2021,6.69445892,199.3720633,5.614290376,1836892075548,12593.15723,6.045474051,4.72,143449286,73367843,25432780000,2.202088546,549900430000,379945620000,-0.7079018354,-0.920365572,-0.2104962021,-0.542337775,1.820004106,10553177551
Russian Federation,2022,,,-2.069711525,2240422438363,15345.09668,-2.162417837,5.50%,143555736,72504951,26927550000,-1.787319182,639363650000,347797300000,-0.91899544,-0.9793873429,-0.6954110265,-1.141972661,1.779277682,11158753000
Rwanda,2008,15.43821387,88.75759922,11.16126132,5179804291,529.52427,8.219975419,11.857,9781996,3433301,102289999.9,1.974785034,285883149,1453523461,-0.327669591,0.108792886,-0.22220996,-0.532337666,1.308669209,1378527
Rwanda,2009,12.94439784,100.246736,6.248262042,5674428928,564.9718753,3.479419493,11.92,10043737,3532102,118670000,2.091311769,1516645919,3238743010,-0.506896436,0.108438961,-0.280257672,-0.335741609,1.28708303,1487827
Rwanda,2010,-0.246128693,100,7.334648333,6124693374,594.1095118,4.572483955,11.895,10309031,3635144,216192556.8,3.529851106,702728416,1643831659,-0.272093862,0.365169644,-0.15843907,-0.239782363,1.319658637,1237489
Rwanda,2011,3.080170692,103.0801707,7.958376403,6884907733,650.936182,5.22392023,11.877,10576932,3742460,112127535.8,1.628598961,953287991.1,2178010849,-0.17711778,0.362672299,-0.021046992,-0.18134591,1.303699255,3358224
Rwanda,2012,10.27101823,113.6675538,8.641517545,7654782979,706.139034,6.001710229,11.858,10840334,3843907,269615550.4,3.522184118,1120380851,2374196134,-0.230615199,0.559880137,-0.101652063,-0.12608774,1.351365805,1097405
Rwanda,2013,5.92426868,120.4015251,4.719855388,7820052084,704.4235236,2.25767216,11.906,11101350,3940991,233763793.6,2.989286914,1298831987,2453480228,-0.110951617,0.625127435,-0.026739789,-0.030156894,1.436062217,2392667
Rwanda,2014,2.354490528,123.2363676,6.167163146,8239042500,724.7286812,3.67277271,11.876,11368451,4042993,313997162.8,3.811088033,1328277649,2653520560,-0.313469648,0.77630049,-0.052253399,0.185563326,1.598023415,6763641
Rwanda,2015,2.528502842,126.3524027,8.85684723,8543869360,733.8228504,6.290311058,11.828,11642959,4152626,162083821,1.897077473,1449025170,2938738012,0.002518378,0.597625196,-0.146019995,0.147564426,1.485624194,8666022
Rwanda,2016,7.17434302,135.4173575,5.97075689,8695318854,728.806677,3.413261454,11.86,11930899,4270829,279747327.6,3.217217589,1516645919,3056245184,-0.066518664,0.618455648,0.013704088,0.011626933,1.38481319,5547309
Rwanda,2017,8.279536723,146.6292873,3.936611132,9252833678,756.5476049,1.391891902,11.88,12230339,4399260,274025990.7,2.961535895,1903903239,3070592531,0.078270361,0.607264578,0.178770423,0.08438345,1.529440165,3552188
Rwanda,2018,-0.31121016,146.172962,8.539836454,9636510839,768.9641303,5.928769004,12.1,12531808,4025709,366192315.5,3.800050886,2043256454,3341377477,0.101642534,0.535657406,0.079529911,0.033973776,1.494167566,3489240
Rwanda,2019,3.34787655,151.0666524,9.46402534,10346675636,806.1280144,6.878002017,12.43,12835028,4085693,263172335.2,2.543544849,2254674809,3737157738,0.056940533,0.521026969,0.092924267,-0.01019153,1.497002721,6910597
Rwanda,2020,9.850399023,165.9473204,-3.373986332,10172925172,773.8205575,-5.662297223,13.01,13146362,4544104,152614121,1.500198993,1928961923,3577564318,0.069421276,0.528032601,0.274038255,-0.000359975,1.473686934,5221135
Rwanda,2021,,,10.87673379,11055281971,821.2281941,8.277953271,13.315,13461888,4588673,211896128.9,1.916695833,2109855180,3855825826,0.071905822,0.573205888,0.227907389,0.061051052,1.540563464,9507315
Rwanda,2022,17.68920956,194.5377813,8.157487721,13312796765,966.3271101,5.685991379,13.009,13776698,4654245,398599354.8,2.994106812,2994313556,4979530670,0.030513978,0.561202586,0.23248598,0.162929788,1.558240294,8654732
Saudi Arabia,2008,9.870247913,90.36144618,6.249772752,519797000000,18944.85735,2.232938638,5.08,27437353,9918243,39455863929,7.590633222,322854000000,176685000000,-0.336524427,-0.014675688,-0.109230503,0.120269671,-1.43818152,180686087
Saudi Arabia,2009,5.057223147,94.93122616,-2.059249189,429098000000,15064.63128,-5.657418037,5.38,28483797,10391085,36457666667,8.496351702,202057000000,162069000000,-0.492535233,-0.020552717,-0.110996947,0.159869671,-1.25304389,209615935
Saudi Arabia,2010,5.339416806,100,5.039492888,528207000000,17958.94783,1.724833907,5.55,29411929,11040155,29232706667,5.534324639,261831000000,174203000000,-0.226726979,0.036955286,-0.023695663,0.15966104,-1.236002564,202105315
Saudi Arabia,2011,5.826216088,105.8262161,10.99376163,676635000000,22441.57114,8.273244386,5.77,30150945,11614140,16308280000,2.410204939,376224000000,197977000000,-0.464799643,-0.312528074,-0.317042857,0.024820386,-1.282681704,213847737
Saudi Arabia,2012,2.866268875,108.85948,5.427394266,741850000000,24069.20331,3.133563625,5.52,30821543,12176429,12182373333,1.642161297,399419000000,215206000000,-0.480688244,-0.045678299,0.019089401,0.099087514,-1.094172716,258048046
Saudi Arabia,2013,3.532524707,112.704968,2.850342991,753865000000,23945.51231,0.691065527,5.6,31482498,12635859,8864693333,1.175900022,387746000000,229995000000,-0.431784123,-0.027216319,0.058050316,0.07968884,-0.914480269,289531029
Saudi Arabia,2014,2.236290315,115.2253783,4.027651215,766606000000,23862.80119,1.94530192,5.72,32125564,12977992,8011786667,1.045098424,354973000000,259007000000,-0.285844654,0.081855386,0.193452343,-0.006104905,-0.592921734,254585412
Saudi Arabia,2015,1.206073222,116.6150807,4.690145073,669484000000,20442.36606,2.694521078,5.6,32749848,13441489,8141026667,1.216014427,218010000000,247307000000,-0.634387195,0.021638941,0.155576512,0.004832044,-0.651138127,278105529
Saudi Arabia,2016,2.068840361,119.0276606,2.363074579,666000000000,19930.40754,0.321643717,5.6,33416270,13967604,7452533333,1.118999201,200860000000,198110000000,-0.472771108,0.198666751,0.214581698,0.064568758,-0.662258983,421118918
Saudi Arabia,2017,-0.83819458,118.0299772,-0.069698016,714995000000,20910.48296,-2.3400685,5.89,34193122,13926541,1418843614,0.198441139,239993000000,201976000000,-0.649576366,0.33179605,0.210747719,-0.017686596,-0.650523126,261725660
Saudi Arabia,2018,2.45814158,120.9313211,2.762243738,846584000000,24175.58312,0.341212854,6.03,35018133,14523667,4247107441,0.501675973,314917000000,209589000000,-0.660840631,0.329810768,0.273761809,-0.090882264,-0.602161288,252680855
Saudi Arabia,2019,-2.093333333,118.3998255,0.832280327,838565000000,23405.70611,-1.445208185,5.64,35827362,15485557,4562573671,0.544093216,285860000000,218941000000,-0.623455822,0.246477008,0.261315554,-0.088528037,-0.610560477,270579691
Saudi Arabia,2020,3.44545826,122.479242,-4.341387678,734271000000,20398.06099,-4.79246757,7.45,35997107,15995144,5399157040,0.735308311,182848000000,182184000000,-0.650508463,0.240839511,0.114084966,0.24940148,-0.655076623,217407451
Saudi Arabia,2021,3.063289889,126.2311363,3.921724119,868586000000,24160.67605,4.056751496,6.692,35950396,15683138,19285643585,2.220349676,286502000000,213016000000,-0.59113127,0.282737106,0.465890735,0.323760301,-0.661812484,234850000
Saudi Arabia,2022,2.474073719,129.3541876,8.744153628,1108150000000,30436.2783,7.374954355,5.635,36408820,15913705,7886341958,0.711668026,442569000000,258789000000,-0.362989008,0.356948316,0.583050787,0.418585479,-0.479640156,235065834
Singapore,2008,6.627781774,96.67698861,1.863483455,193617000000,40008.57676,-3.415492694,3.96,4839396,2754182,13598298537,7.023285255,443372000000,403369000000,1.344676137,2.231617928,2.469659805,1.868738413,-0.472401887,123643000000
Singapore,2009,0.596720257,97.25387979,0.127953383,194150000000,38926.81311,-2.846771949,5.86,4987573,2891754,23436064060,12.07109204,370526000000,324906000000,1.179591179,2.206720352,2.307152987,1.775740385,-0.504221857,99666676750
Singapore,2010,2.823661349,100,14.51974971,239808000000,47236.67154,12.50852155,4.12,5076732,2990116,55322434162,23.06947732,474817000000,411718000000,1.169414878,2.171362877,2.281125546,1.783599377,-0.330831766,131843000000
Singapore,2011,5.247793398,105.2477934,6.214934169,279357000000,53891.46229,4.023381649,3.89,5183688,3083320,49155657316,17.59602969,568009000000,491028000000,1.191421747,2.102997065,2.193817139,1.783230543,-0.304123908,132144000000
Singapore,2012,4.575602704,110.0635143,4.435497594,295093000000,55547.54625,1.904462237,3.72,5312437,3185075,55310807548,18.74352748,580505000000,509016000000,1.368174553,2.115708113,2.202586174,1.957902074,-0.25050208,136447000000
Singapore,2013,2.358604154,112.6594769,4.817630991,307576000000,56967.42579,3.133979149,3.86,5399162,3244474,64389514904,20.93448104,600013000000,528921000000,1.378178358,2.07050252,2.128522158,1.960108399,-0.146716297,143334000000
Singapore,2014,1.02514803,113.8144033,3.935540277,314864000000,57564.80231,2.594723155,3.74,5469724,3339133,68698472831,21.81848808,604392000000,530589000000,1.186271429,2.067563772,2.218090773,2.226360083,0.070237465,144926000000
Singapore,2015,-0.522618167,113.2195886,2.976799316,307999000000,55645.60686,1.762324686,3.79,5535002,3437533,69774553125,22.65418269,549422000000,465345000000,1.29889214,2.050846577,2.248770714,2.252235413,0.038801968,138735000000
Singapore,2016,-0.53226874,112.6169561,3.601656039,319030000000,56895.64334,2.266173007,4.08,5607283,3480133,65362989167,20.48804017,525353000000,441743000000,1.477468967,2.041591167,2.214573145,2.17064333,0.096975163,134922000000
Singapore,2017,0.57626031,113.2659229,4.544728218,343273000000,61164.89736,4.452147342,4.2,5612253,3474178,102160000000,29.76051723,588935000000,497447000000,1.59912312,2.088041544,2.225288391,2.108635426,0.116847567,146752000000
Singapore,2018,0.438620118,113.76273,3.57543271,376870000000,66836.53851,3.090075215,3.641,5638676,3471429,81160897313,21.53553919,668380000000,557190000000,1.468008995,2.134553909,2.23167038,2.121737957,0.109598584,154867000000
Singapore,2019,0.565260569,114.4057859,1.331261327,376837000000,66070.47067,0.178353465,3.1,5703569,3527441,105293000000,27.94125657,661706000000,550594000000,1.480305552,2.120105982,2.231719255,2.154437542,0.063206613,150031000000
Singapore,2020,-0.181916667,114.1976627,-3.901053402,348392000000,61274.00646,-3.600848086,4.1,5685807,3511798,78447583787,22.5170338,634034000000,525324000000,1.438414216,2.118317366,2.284572601,2.205299139,0.077767387,159928000000
Singapore,2021,2.30485959,116.8297585,8.882353997,423797000000,77710.06996,13.51912685,3.54,5453566,3418165,138544000000,32.69116674,781068000000,631615000000,1.442324996,2.13980794,2.250112772,2.22689867,0.171731099,163985000000
Singapore,2022,6.12106004,123.9809781,3.646972071,466789000000,82807.64908,0.273797564,2.758,5637022,3492851,140844000000,30.17298846,870806000000,701629000000,1.45994246,2.094723701,2.144825935,2.214378357,0.146466091,162096000000
South Africa,2008,10.07457552,89.60562967,3.191043886,316131000000,6251.877175,2.028404688,19.51,50565812,21338378,9885001293,3.126866269,102840000000,107771000000,0.049528994,0.153828725,0.332178503,0.656967223,-0.999996305,2087704760
South Africa,2009,7.215314136,96.07095734,-1.538089135,329754000000,6444.18672,-2.702155972,20.51,51170779,21088301,7624489974,2.312174747,83531696821,82010756673,-0.11449261,0.125426695,0.310807675,0.449182034,-1.022645473,1482818276
South Africa,2010,4.089729895,100,3.039732881,417364000000,8059.562841,1.817735697,23.18,51784921,19990943,3693271715,0.884904607,107954000000,102974000000,-0.029427003,0.065393098,0.191702411,0.44557327,-0.953961968,2504733101
South Africa,2011,4.99926697,104.999267,3.168556279,458199000000,8737.04111,1.873318226,21.42,52443325,21055801,4139289123,0.903381441,126935000000,123358000000,0.02403157,-0.004233705,0.217559651,0.446406275,-0.91299665,2743376672
South Africa,2012,5.724657917,111.0101158,2.396232385,434401000000,8173.869138,1.04422917,21.79,53145033,21285409,4626029122,1.064922495,117935000000,123559000000,-0.0253867,-0.184170604,0.170115307,0.398661673,-0.831432939,2860653042
South Africa,2013,5.784469097,117.4314617,2.485468008,400886000000,7441.230854,1.099461735,22.04,53873616,21678833,8232518816,2.053580952,113644000000,122158000000,-0.046294536,-0.137831539,0.306189775,0.380482465,-0.714889407,2613566643
South Africa,2014,6.129837703,124.6298197,1.413826452,381199000000,6965.137897,-0.172220609,22.61,54729551,21981198,5791659020,1.519327438,110445000000,116208000000,-0.146388963,-0.124875419,0.165476799,0.230833724,-0.411822498,2806863732
South Africa,2015,4.540642277,130.288814,1.321862237,346710000000,6204.929901,-0.757928114,22.87,55876504,23120551,1521139945,0.438735792,96346520856,100803000000,-0.220544875,-0.07051044,0.087739252,0.208593905,-0.506872714,2818226377
South Africa,2016,6.571396422,138.8506084,0.664552308,323586000000,5735.066787,-0.309171167,24.02,56422274,23430091,2215307020,0.684612553,91482650746,89948758687,-0.149085,0.017409462,0.10193149,0.119783156,-0.455839783,2397477040
South Africa,2017,5.184246648,146.0489664,1.157946952,381449000000,6734.475153,0.766941613,23.99,56641209,23776332,2058579911,0.539673957,104172000000,99822924053,-0.284803957,-0.127464935,0.07089819,0.138913423,-0.430152923,2197945701
South Africa,2018,4.517165228,152.6462396,1.522329387,404159000000,7048.508112,0.285735634,24.22,57339635,23771537,5569462350,1.378037844,111373000000,109386000000,-0.237621993,-0.136328086,0.103732906,-0.040778168,-0.4276537,2091401860
South Africa,2019,4.12024587,158.9356399,0.303453235,388531000000,6688.774746,-0.987175236,25.54,58087055,24142655,5116098443,1.316779217,105833000000,103895000000,-0.283249706,-0.031051725,0.127881005,0.008505391,-0.464465976,1832830758
South Africa,2020,3.210035975,164.0375312,-6.342471149,337620000000,5741.641249,-7.481092762,24.34,58801927,22920638,3153552569,0.934055029,94058828195,79039249116,-0.252887934,-0.058959816,0.045240555,0.020494822,-0.577875257,1835041126
South Africa,2021,4.611672178,171.6024043,4.913096684,419016000000,7055.055176,3.870315289,28.77,59392255,23621462,40658789145,9.703406185,130882000000,104867000000,-0.75098139,-0.034114234,-0.071012698,-0.090708636,-0.421999156,1988763004
South Africa,2022,7.039726613,183.6827445,2.042299353,405870000000,6776.480077,1.187663214,29.806,59893885,24308964,9194808416,2.265458101,136112000000,127596000000,-0.72211808,-0.31976521,-0.125317961,-0.185125753,-0.321951181,2263095032
Spain,2008,4.07534336,98.51549828,0.8870670456,1631863493552,35510.72223,-0.7096448244,11.25,45954106,23150283,1691416117,4.54012423,419463895075,497008704624,-0.3830854595,1.178771973,0.9125031829,1.254889965,0.005417761,11248660432
Spain,2009,-0.2878130835,98.23195779,-3.763107042,1491472923707,32169.50285,-4.611747923,17.86,46362946,23364217,6148530894,0.6402941123,344306252582,357398106941,-0.47459957,1.054948092,0.9416823387,1.187052488,0.072423071,10374405678
Spain,2010,1.799864577,100,0.1629195178,1422108199783,30532.48051,-0.2971789039,19.86,46576897,23482007,1231202629,2.574300627,368535746091,383498000908,-0.3180437386,1.160037041,0.9429741502,1.15819037,0.097749457,11504349325
Spain,2011,3.196101888,103.1961019,-0.8143847766,1480710495710,31677.90031,-1.166203907,21.39,46742697,23558862,18152678384,1.812105242,437680992282,433130832743,0.02110453695,1.163212419,0.9724014997,1.060738206,0.129662588,13554458627
Spain,2012,2.446127824,105.7204104,-2.958922132,1324750738725,28322.94659,-3.021906537,24.79,46773055,23569775,-23366093923,1.57376618,416384215441,389403463363,-0.0295164492,1.170406342,1.057162166,0.947154939,0.084444158,13768258934
Spain,2013,1.408581092,107.2095682,-1.403341868,1355579535913,29077.18206,-1.079741265,26.09,46620045,23332032,-14263389022,3.494685674,446544426355,393493918471,0.01201775949,0.926997602,1.168251991,0.932680726,0.13549374,14479326037
Spain,2014,-0.1511148375,107.0475586,1.395775367,1371820537889,29513.65118,1.699352659,24.44,46480882,23091303,12972045516,2.401426131,459020212114,416502394718,0.2431217432,0.6895616651,1.173891306,0.74645406,0.155454814,14664458406
Spain,2015,-0.5003657099,106.5119293,3.838518877,1196156971280,25754.36103,3.919117265,22.06,46444832,23036096,33299356666,1.925923719,401953725855,365622811004,0.2411601394,0.6315897107,1.157853127,0.791497886,0.016313421,13109480801
Spain,2016,-0.2025980004,106.2961383,3.037774142,1233554967012,26537.15949,2.950815909,19.64,46484062,22977372,12384254172,3.587463923,417759276110,368366072538,0.4022144973,0.5703662038,1.095534325,0.996483803,0.045057837,15598981400
Spain,2017,1.956076334,108.3753719,2.975760729,1313245330198,28185.32137,2.734475155,17.22,46593236,22897891,14575952991,2.403614412,461906827976,414215243541,0.2708451152,0.5102778673,1.001219749,0.930574059,-0.15508239,14928178719
Spain,2018,1.674981369,110.1906392,2.284469419,1421702715218,30379.72111,1.837460464,15.25,46797754,22930164,-20511155392,4.123659565,499366966651,460884124894,0.2757791579,0.6128492951,0.9692878127,0.938154161,-0.221448287,15483660258
Spain,2019,0.6995189945,110.9614436,1.983966223,1394320055129,29581.51855,1.254631755,14.1,47134837,23139046,8921032437,1.856148637,486632817458,445719192186,0.2927009463,0.6665267348,0.9688812494,1.037264585,-0.183931217,15036520591
Spain,2020,-0.3227530173,110.6033122,-11.32543832,1276962685648,26959.67544,-11.75755913,15.53,47365655,22838137,20312705312,2.868551752,393773697758,375086661980,0.4113978744,0.7111802697,0.8542682528,0.755449116,-0.240638092,15725222510
Spain,2021,3.09313512,114.0244221,5.519594973,1427380681295,30103.51373,5.408112942,14.78,47415750,23384137,-19989700446,3.076229592,497867782398,476677863208,0.5091319084,0.7155031562,0.9092734456,0.797288954,0.069079861,23455675754
Spain,2022,8.390576341,123.5917283,5.451739623,1397509272054,29350.16852,5.01039069,13.009,47615034,23716311,1485009063,3.026393512,579553848809,560749210977,0.2653269768,0.6853120923,0.9207578897,0.797074437,0.019737322,25606969549
Switzerland,2008,2.426041171,99.79596724,2.807983632,567273005013,74175.87764,1.509950794,3.35,7647675,4410392,27293189256,0.527248196,358087727985,305101417635,1.222245216,2.108572006,2.02759099,1.562006712,-0.706700683,43492661191
Switzerland,2009,-0.4804819364,99.31646564,-2.297374631,554191679309,71565.56998,-3.51055886,4.11,7743831,4477719,-2954454437,8.59965462,319882148159,287553803307,1.307721257,2.060199976,1.945025682,1.549013495,-0.832281888,40395074321
Switzerland,2010,0.6882387072,100,3.243397336,598851028907,76531.37294,2.173638164,4.81,7824909,4447007,56434469499,2.950773189,386452044171,331784430521,1.258594275,2.064142466,1.870959163,1.620867133,-0.807519138,43607937596
Switzerland,2011,0.2313492077,100.2313492,1.813108192,715888126682,90476.75897,0.6873398696,4.41,7912398,4532128,22567340471,2.900520774,470495961028,423771746566,1.300342083,2.029069901,1.861643314,1.61533618,-0.741804361,51148249215
Switzerland,2012,-0.6925520181,99.53719498,1.179253833,686420221558,85836.20768,0.1105966043,4.49,7996861,4589900,14355288727,5.819102216,458568852437,402982772395,1.418336034,2.13839817,1.882824302,1.651066184,-0.677317858,51279423966
Switzerland,2013,-0.2173231551,99.3208776,1.792144057,706234937371,87304.33058,0.6283606754,4.75,8089346,4647770,37473010545,-3.52948637,500946970370,435286875123,1.401140213,2.124835014,1.81698525,1.619792342,-0.649538219,54346224629
Switzerland,2014,-0.01320253875,99.30776473,2.349881275,726537808338,88724.99094,1.108693594,4.83,8188649,4732391,-9548642226,2.890846324,468377310210,399558987450,1.402652621,2.147784948,2.105112553,1.800340295,-0.468450874,57101557330
Switzerland,2015,-1.143908672,98.17177459,1.644627687,694118186380,83806.4476,0.4941298224,4.8,8282396,4804656,7382490805,17.10838333,436639213411,370556653933,1.326494217,2.094697237,1.967861533,1.729456306,-0.527424872,53795507159
Switzerland,2016,-0.4346186643,97.74510174,2.068689667,687895460903,82153.07454,0.9601316732,4.92,8373338,4886342,16345609441,24.2480735,453609765392,391130511158,1.28985405,1.942636728,1.972344518,1.900379658,-0.50812608,55536700708
Switzerland,2017,0.5337878398,98.2668532,1.362799557,695200833086,82254.37693,0.4213261631,4.8,8451840,4920490,-88905787009,20.60353782,457275130745,399471341869,1.242314816,1.944514394,2.017323017,1.875121593,-0.471185684,29833875250
Switzerland,2018,0.9363354641,99.1869606,2.860445795,725562534364,85216.64295,2.10552472,4.71,8514329,4956328,127205288165,-22.10530821,485182909801,414196699915,1.319249392,1.969518185,1.997008562,1.791235805,-0.445004612,30114429626
Switzerland,2019,0.3628861799,99.54689637,1.141982325,721369112727,84121.93103,0.4230897682,4.39,8575280,4971006,49927156137,1.216424915,478504811118,413403751697,1.310838223,1.945056438,1.916304231,1.65198791,-0.484146088,29872166791
Switzerland,2020,-0.7258749333,98.82431041,-2.37556328,739913619797,85656.32267,-3.086282111,4.82,8638167,4979813,131990402655,-32.72917393,473976492277,430031069274,1.17615521,2.045609951,1.972509265,1.584892631,-0.405230105,29244241618
Switzerland,2021,0.5818141685,99.39928425,4.221716577,800640155387,91991.60046,3.440503207,5.1,8703405,4980848,35062001353,-16.76944751,577835735774,481049901243,1.115222096,1.959008932,1.993037581,1.723315477,-0.624359071,38194199754
Switzerland,2022,2.835027986,102.2172818,2.05923242,807706035352,92101.46974,1.287236846,4.202,8769741,5024491,-19287577215,3.430372516,620423514015,512051495906,1.161139727,2.009313822,2.049948931,1.620113015,-0.623456955,32576483324
United Kingdom,2008,3.521408563,95.69077122,-0.1543443147,2931683721187,47432.8791,-0.937077972,5.62,61806995,31927772,103242148986,8.645343155,807060793372,862311688153,0.4928798676,1.668904305,1.634806633,1.785267949,0.417219996,67496532150
United Kingdom,2009,1.961731736,97.56796745,-4.5104856,2417565709974,38820.01459,-5.230034826,7.54,62276270,32084960,-62945021961,0.6017254623,646702910588,679011810069,0.1219495013,1.623889804,1.508096457,1.581597805,0.39927873,48644842352
United Kingdom,2010,2.492654725,100,2.430072895,2491397494468,39693.19387,1.630274045,7.79,62766365,32236187,-12327098017,2.678599117,711990379921,754220625541,0.4118182063,1.605673909,1.617997527,1.730519772,0.317414135,66714274846
United Kingdom,2011,3.856112447,103.8561124,1.067610914,2666403005061,42150.69814,0.2808392429,8.04,63258810,32478068,53821554015,1.013052041,829181301636,855231893882,0.3517076075,1.614863515,1.604194641,1.649374008,0.498547107,75783351756
United Kingdom,2012,2.573234797,106.5285741,1.448456757,2706340967031,42485.58607,0.7454786578,7.88,63700215,32778349,-34727249184,1.727453795,822023628048,852925683771,0.4022707343,1.665460467,1.591210365,1.637840033,0.534359634,73147759484
United Kingdom,2013,2.291666667,108.9698539,1.819863375,2786315215250,43449.09172,1.140212964,7.52,64128273,33061439,-8222267228,1.955025587,837510591568,881146440504,0.4862014353,1.718892574,1.512769222,1.761087894,0.613574982,74696893576
United Kingdom,2014,1.451120163,110.5511374,3.199702626,3065223279584,47447.58893,2.442465801,6.11,64602298,33331376,-172805792106,1.921244878,870401394307,933845434473,0.4153476357,1.746633649,1.623983979,1.819528937,0.651266217,76014219847
United Kingdom,2015,0.3680468423,110.9580174,2.393103184,2934857946213,45071.07432,1.584979389,5.3,65116219,33614102,-105510499553,1.54465681,810891080397,859510069441,0.5037063956,1.831590176,1.705675721,1.834661007,0.614114046,74578603459
United Kingdom,2016,1.008417368,112.0769373,2.165206211,2699659680997,41146.07736,1.393848825,4.81,65611593,33939706,-291904952185,12.03163593,773864717294,826568526164,0.3479326367,1.850604177,1.574559569,1.749326229,0.819180787,73806480005
United Kingdom,2017,2.557755776,114.9435916,2.44357047,2683488510504,40622.68939,1.749953797,4.33,66058859,34128763,46685075527,4.67148674,824360223650,863303685003,0.3807081878,1.813624382,1.430694699,1.704928517,0.767983139,73689913071
United Kingdom,2018,2.292839903,117.5790642,1.705021022,2878152147316,43306.3083,1.090623956,4,66460344,34415434,-3576693950,-0.8705391176,899005981883,942888668702,0.07756457478,1.806572199,1.361689329,1.769423246,0.77433306,75580036686
United Kingdom,2019,1.738104601,119.6227113,1.604308648,2857057847953,42747.08046,1.032740842,3.74,66836327,34695933,-41289065813,0.6926972775,893141892842,939349092206,0.5274704099,1.748772383,1.449907899,1.612857223,0.80805707,76894056310
United Kingdom,2020,0.9894867038,120.8063621,-11.03085846,2704609160088,40318.41692,-11.35567606,4.472,67081234,34633314,-136920860384,4.898158179,791733492697,783438225683,0.4814570248,1.660060406,1.332666636,1.474023938,0.876260638,58143796335
United Kingdom,2021,2.518371096,123.8487146,7.597470972,3122480345925,46585.89756,7.685656647,4.826,67026300,34311332,155009730131,0.1896650132,899170555306,937734201969,0.4898921251,1.640929222,1.241773725,1.452374935,0.799450576,66699915640
United Kingdom,2022,7.922048831,133.6600703,4.101621381,3070667732359,45850.42612,4.186941875,3.571,66971411,34460390,114798936466,1.437045859,1001418789301,1112705151672,0.5039390922,1.620156169,1.238634825,1.566510081,0.836642742,69456280000
United States,2008,3.839100297,98.73747739,0.122188443,14769857911000,48570.04598,-0.8203678985,5.78,304093966,157246174,2491000000,2.309379021,1849584000000,2561936000000,0.5826595426,1.437633395,1.605075598,1.532458067,-0.129783601,243005000000
United States,2009,-0.3555462663,98.38641997,-2.599888351,14478064934000,47194.94335,-3.450015923,9.25,306771529,157377606,151514000000,1.112600342,1592788000000,1987567000000,0.4473136067,1.286476374,1.502984643,1.398337722,-0.083344996,150884000000
United States,2010,1.640043442,100,2.708856694,15048964444000,48650.64313,1.860291678,9.63,309327143,157357516,85789000000,1.754532686,1872324000000,2375402000000,0.4384039342,1.265258074,1.552272081,1.443845391,-0.17486386,166040000000
United States,2011,3.156841569,103.1568416,1.54989495,15599728123000,50065.9665,0.8145193579,8.95,311583481,157443452,173119000000,1.689112771,2143556000000,2698073000000,0.5912472606,1.262119055,1.513798475,1.455096602,-0.483893096,166464000000
United States,2012,2.069337265,105.2915045,2.280687603,16253972230000,51784.41857,1.533102035,8.07,313877662,158452840,126895000000,1.540208119,2247453000000,2773360000000,0.6324421167,1.402794003,1.52132237,1.294393897,-0.536399841,169066000000
United States,2013,1.464832656,106.8338489,1.841875395,16843190993000,53291.12769,1.138692347,7.37,316059947,158809862,104665000000,1.710667534,2313124000000,2759981000000,0.6430726051,1.305992603,1.517003059,1.260388613,-0.735893428,169222000000
United States,2014,1.622222977,108.5669321,2.287775933,17550680174000,55123.84979,1.540380649,6.17,318386329,159540139,135673000000,1.435021307,2392613000000,2876564000000,0.5824196339,1.371681571,1.462228179,1.276289463,-0.698362648,175881000000
United States,2015,0.1186271356,108.695722,2.706369582,18206020741000,56762.72945,1.953004118,5.28,320738994,160644681,-209363000000,2.809147629,2280786000000,2771559000000,0.6628901958,1.358334064,1.433119774,1.242206693,-0.602962196,175244000000
United States,2016,1.261583206,110.0670089,1.667472076,18695110842000,57866.74493,0.9333753617,4.87,323071755,162448669,-174573000000,2.537497659,2240824000000,2720285000000,0.3856353164,1.331475854,1.441525936,1.485620737,-0.478956431,173922000000
United States,2017,2.130110004,112.4115573,2.241921216,19477336549000,59907.75426,1.59713559,4.36,325122128,163971527,28590000000,1.955210863,2394477000000,2911412000000,0.262201786,1.34039712,1.517398357,1.619076371,-0.4497509,154545000000
United States,2018,2.442583297,115.1573032,2.945384831,20533057312000,62823.30944,2.404867872,3.9,326838199,165307010,-345435000000,1.045703992,2542459000000,3121059000000,0.3860425651,1.292678237,1.537041306,1.613139987,-0.302149117,153808000000
United States,2019,1.812210075,117.2441955,2.294439078,21380976119000,65120.39466,1.829668388,3.67,328329953,167100511,-201057000000,1.477874528,2546280000000,3105674000000,0.1178766638,1.180732846,1.453559041,1.33457458,-0.333438784,153923000000
United States,2020,1.233584396,118.6905016,-2.767802511,21060473613000,63528.6343,-3.700952528,8.05,331511512,165641653,148299000000,0.6569795273,2160145000000,2813030000000,-0.02692906372,1.038217425,1.275138259,1.238437533,-0.319997311,141539000000
United States,2021,4.697858864,124.2664138,5.945484761,23315080560000,70219.47245,5.779548418,5.35,332031554,166189867,-99015000000,2.114875815,2567024000000,3408604000000,-0.01487787627,1.019727945,1.299519777,1.440957189,-0.259292424,169217000000
United States,2022,8.002799821,134.2112062,2.061593119,25462700000000,76398.59174,1.676971297,3.611,333287557,169229171,38173000000,1.524103885,3018457000000,3969644000000,-0.03600502759,1.104258776,1.255993128,1.424439907,-0.263772666,182364000000